{"cameraMode":{"drawMode":0,"name":"Shaded","section":"Shading Mode"},"sceneLighting":true,"audioPlay":false,"sceneViewState":{"showFog":true,"showMaterialUpdate":false,"showSkybox":true,"showFlares":true,"showImageEffects":true,"showParticleSystems":true},"in2DMode":false,"pivot":{"x":-5.57058048248291,"y":16.315994262695314,"z":-7.850520133972168},"rotation":{"x":-0.3432161808013916,"y":-0.5739700198173523,"z":0.2873341143131256,"w":-0.6857221126556397},"size":17.88550567626953,"orthographic":false}