{"cameraMode":{"drawMode":0,"name":"Shaded","section":"Shading Mode"},"sceneLighting":true,"audioPlay":false,"sceneViewState":{"showFog":true,"showMaterialUpdate":false,"showSkybox":true,"showFlares":true,"showImageEffects":true,"showParticleSystems":true},"in2DMode":false,"pivot":{"x":31.909324645996095,"y":-11.634210586547852,"z":-21.33441925048828},"rotation":{"x":-0.22671689093112946,"y":-0.6361894011497498,"z":0.20353804528713227,"w":-0.7088589072227478},"size":66.01152801513672,"orthographic":false}