{"cameraMode":{"drawMode":0,"name":"Shaded","section":"Shading Mode"},"sceneLighting":false,"audioPlay":false,"sceneViewState":{"showFog":true,"showMaterialUpdate":false,"showSkybox":false,"showFlares":true,"showImageEffects":true,"showParticleSystems":true},"in2DMode":false,"pivot":{"x":-0.6201531887054443,"y":0.7837295532226563,"z":0.8727965354919434},"rotation":{"x":0.0004208247410133481,"y":0.9591514468193054,"z":-0.2828938364982605,"w":0.0014249369269236923},"size":7.104644775390625,"orthographic":false}