{"cameraMode":{"drawMode":0,"name":"Shaded","section":"Shading Mode"},"sceneLighting":false,"audioPlay":false,"sceneViewState":{"showFog":true,"showMaterialUpdate":false,"showSkybox":false,"showFlares":true,"showImageEffects":true,"showParticleSystems":true},"in2DMode":false,"pivot":{"x":1.7660770416259766,"y":2.6628494262695314,"z":-0.699371337890625},"rotation":{"x":0.19898422062397004,"y":0.3335753083229065,"z":-0.07225342839956284,"w":0.9186487793922424},"size":20.54671287536621,"orthographic":false}